"scale","shape","mu"
2.28900914992704,3.3206193250814,3.92543719915395
2.1,3.3953,0.42934
